{"settings": {"word_length": 3, "truncation_limit": 1000, "correct_guess_reward": 10, "early_guess_reward": 0.2, "colour_rewards": [0, 0.05, 0.1], "valid_word_reward": 0, "invalid_word_reward": 0, "step_reward": -0.0001, "repeated_guess_reward": 0, "alphabet": "abcdefgh", "vocab_file": "word_lists/three_letter_abcdefgh.txt", "hidden_words_file": "word_lists/three_letter_abcdefgh.txt"}, "episodes": [{"info": {"step": 57, "total_reward": 10.394300000000001, "correct_guess": true, "invalid_word": false, "incomplete_word": false, "invalid_words_entered": 15, "incomplete_words_entered": 0, "hidden_word": "gag"}, "actions": [0, 4, 5, 1, 4, 3, 7, 0, 6, 5, 0, 6, 2, 0, 6, 0, 6, 5, 0, 0, 6, 1, 0, 6, 2, 0, 6, 3, 0, 6, 4, 0, 6, 5, 0, 6, 6, 7, 6, 0, 0, 6, 2, 0, 6, 3, 0, 6, 4, 0, 6, 5, 0, 6, 6, 0, 6], "rewards": [-0.0001, -0.0001, -0.0001, -0.0001, -0.0001, -0.0001, -0.0001, -0.0001, -0.0001, -0.0001, -0.0001, -0.0001, -0.0001, -0.0001, -0.0001, -0.0001, -0.0001, -0.0001, -0.0001, -0.0001, -0.0001, -0.0001, -0.0001, -0.0001, -0.0001, -0.0001, -0.0001, -0.0001, -0.0001, -0.0001, -0.0001, -0.0001, -0.0001, -0.0001, -0.0001, -0.0001, -0.0001, -0.0001, -0.0001, -0.0001, -0.0001, -0.0001, -0.0001, -0.0001, -0.0001, -0.0001, -0.0001, -0.0001, -0.0001, -0.0001, -0.0001, -0.0001, -0.0001, -0.0001, -0.0001, -0.0001, 10.3999], "total_reward": 10.394300000000001}, {"info": {"step": 9, "total_reward": 10.5991, "correct_guess": true, "invalid_word": false, "incomplete_word": false, "invalid_words_entered": 0, "incomplete_words_entered": 0, "hidden_word": "beg"}, "actions": [2, 0, 1, 1, 0, 3, 1, 4, 6], "rewards": [-0.0001, -0.0001, -0.0001, -0.0001, -0.0001, -0.0001, -0.0001, -0.0001, 10.5999], "total_reward": 10.5991}, {"info": {"step": 18, "total_reward": 10.5982, "correct_guess": true, "invalid_word": false, "incomplete_word": false, "invalid_words_entered": 3, "incomplete_words_entered": 0, "hidden_word": "gee"}, "actions": [2, 0, 1, 3, 4, 5, 5, 4, 3, 7, 4, 6, 6, 4, 7, 6, 4, 4], "rewards": [-0.0001, -0.0001, -0.0001, -0.0001, -0.0001, -0.0001, -0.0001, -0.0001, -0.0001, -0.0001, -0.0001, -0.0001, -0.0001, -0.0001, -0.0001, -0.0001, -0.0001, 10.5999], "total_reward": 10.5982}, {"info": {"step": 6, "total_reward": 10.7994, "correct_guess": true, "invalid_word": false, "incomplete_word": false, "invalid_words_entered": 0, "incomplete_words_entered": 0, "hidden_word": "fad"}, "actions": [1, 0, 3, 5, 0, 3], "rewards": [-0.0001, -0.0001, -0.0001, -0.0001, -0.0001, 10.799900000000001], "total_reward": 10.7994}, {"info": {"step": 9, "total_reward": 10.5991, "correct_guess": true, "invalid_word": false, "incomplete_word": false, "invalid_words_entered": 0, "incomplete_words_entered": 0, "hidden_word": "bah"}, "actions": [1, 0, 3, 1, 0, 6, 1, 0, 7], "rewards": [-0.0001, -0.0001, -0.0001, -0.0001, -0.0001, -0.0001, -0.0001, -0.0001, 10.5999], "total_reward": 10.5991}, {"info": {"step": 9, "total_reward": 10.5991, "correct_guess": true, "invalid_word": false, "incomplete_word": false, "invalid_words_entered": 0, "incomplete_words_entered": 0, "hidden_word": "ace"}, "actions": [1, 0, 3, 7, 0, 6, 0, 2, 4], "rewards": [-0.0001, -0.0001, -0.0001, -0.0001, -0.0001, -0.0001, -0.0001, -0.0001, 10.5999], "total_reward": 10.5991}, {"info": {"step": 12, "total_reward": 10.398800000000001, "correct_guess": true, "invalid_word": false, "incomplete_word": false, "invalid_words_entered": 0, "incomplete_words_entered": 0, "hidden_word": "gab"}, "actions": [1, 0, 3, 5, 0, 1, 2, 0, 1, 6, 0, 1], "rewards": [-0.0001, -0.0001, -0.0001, -0.0001, -0.0001, -0.0001, -0.0001, -0.0001, -0.0001, -0.0001, -0.0001, 10.3999], "total_reward": 10.398800000000001}, {"info": {"step": 12, "total_reward": 10.398800000000001, "correct_guess": true, "invalid_word": false, "incomplete_word": false, "invalid_words_entered": 0, "incomplete_words_entered": 0, "hidden_word": "fad"}, "actions": [1, 0, 3, 3, 0, 3, 7, 0, 3, 5, 0, 3], "rewards": [-0.0001, -0.0001, -0.0001, -0.0001, -0.0001, -0.0001, -0.0001, -0.0001, -0.0001, -0.0001, -0.0001, 10.3999], "total_reward": 10.398800000000001}, {"info": {"step": 18, "total_reward": 10.398200000000001, "correct_guess": true, "invalid_word": false, "incomplete_word": false, "invalid_words_entered": 2, "incomplete_words_entered": 0, "hidden_word": "bee"}, "actions": [1, 0, 3, 1, 4, 3, 1, 4, 6, 1, 4, 5, 1, 4, 7, 1, 4, 4], "rewards": [-0.0001, -0.0001, -0.0001, -0.0001, -0.0001, -0.0001, -0.0001, -0.0001, -0.0001, -0.0001, -0.0001, -0.0001, -0.0001, -0.0001, -0.0001, -0.0001, -0.0001, 10.3999], "total_reward": 10.398200000000001}, {"info": {"step": 45, "total_reward": 10.3955, "correct_guess": true, "invalid_word": false, "incomplete_word": false, "invalid_words_entered": 11, "incomplete_words_entered": 0, "hidden_word": "gee"}, "actions": [1, 0, 3, 5, 4, 3, 6, 4, 7, 7, 4, 6, 2, 4, 6, 6, 4, 2, 7, 4, 2, 4, 6, 6, 6, 4, 2, 4, 6, 7, 6, 4, 7, 7, 4, 6, 2, 4, 6, 2, 4, 4, 6, 4, 4], "rewards": [-0.0001, -0.0001, -0.0001, -0.0001, -0.0001, -0.0001, -0.0001, -0.0001, -0.0001, -0.0001, -0.0001, -0.0001, -0.0001, -0.0001, -0.0001, -0.0001, -0.0001, -0.0001, -0.0001, -0.0001, -0.0001, -0.0001, -0.0001, -0.0001, -0.0001, -0.0001, -0.0001, -0.0001, -0.0001, -0.0001, -0.0001, -0.0001, -0.0001, -0.0001, -0.0001, -0.0001, -0.0001, -0.0001, -0.0001, -0.0001, -0.0001, -0.0001, -0.0001, -0.0001, 10.3999], "total_reward": 10.3955}, {"info": {"step": 15, "total_reward": 10.3985, "correct_guess": true, "invalid_word": false, "incomplete_word": false, "invalid_words_entered": 1, "incomplete_words_entered": 0, "hidden_word": "fed"}, "actions": [1, 0, 3, 2, 0, 3, 3, 0, 3, 3, 4, 6, 5, 4, 3], "rewards": [-0.0001, -0.0001, -0.0001, -0.0001, -0.0001, -0.0001, -0.0001, -0.0001, -0.0001, -0.0001, -0.0001, -0.0001, -0.0001, -0.0001, 10.3999], "total_reward": 10.3985}, {"info": {"step": 18, "total_reward": 9.9982, "correct_guess": true, "invalid_word": false, "incomplete_word": false, "invalid_words_entered": 0, "incomplete_words_entered": 0, "hidden_word": "gab"}, "actions": [7, 0, 3, 1, 0, 3, 3, 0, 1, 5, 0, 1, 2, 0, 1, 6, 0, 1], "rewards": [-0.0001, -0.0001, -0.0001, -0.0001, -0.0001, -0.0001, -0.0001, -0.0001, -0.0001, -0.0001, -0.0001, -0.0001, -0.0001, -0.0001, -0.0001, -0.0001, -0.0001, 9.9999], "total_reward": 9.9982}, {"info": {"step": 6, "total_reward": 10.7994, "correct_guess": true, "invalid_word": false, "incomplete_word": false, "invalid_words_entered": 0, "incomplete_words_entered": 0, "hidden_word": "gab"}, "actions": [1, 0, 3, 6, 0, 1], "rewards": [-0.0001, -0.0001, -0.0001, -0.0001, -0.0001, 10.799900000000001], "total_reward": 10.7994}, {"info": {"step": 24, "total_reward": 10.5976, "correct_guess": true, "invalid_word": false, "incomplete_word": false, "invalid_words_entered": 5, "incomplete_words_entered": 0, "hidden_word": "hag"}, "actions": [1, 0, 3, 5, 0, 6, 2, 0, 1, 6, 0, 5, 5, 0, 5, 7, 0, 5, 5, 0, 6, 7, 0, 6], "rewards": [-0.0001, -0.0001, -0.0001, -0.0001, -0.0001, -0.0001, -0.0001, -0.0001, -0.0001, -0.0001, -0.0001, -0.0001, -0.0001, -0.0001, -0.0001, -0.0001, -0.0001, -0.0001, -0.0001, -0.0001, -0.0001, -0.0001, -0.0001, 10.5999], "total_reward": 10.5976}, {"info": {"step": 3, "total_reward": 10.9997, "correct_guess": true, "invalid_word": false, "incomplete_word": false, "invalid_words_entered": 0, "incomplete_words_entered": 0, "hidden_word": "bad"}, "actions": [1, 0, 3], "rewards": [-0.0001, -0.0001, 10.9999], "total_reward": 10.9997}]}