{"settings": {"word_length": 3, "truncation_limit": 1000, "correct_guess_reward": 10, "early_guess_reward": 0.2, "colour_rewards": [0, 0.05, 0.1], "valid_word_reward": 0, "invalid_word_reward": 0, "step_reward": -0.0001, "repeated_guess_reward": 0, "alphabet": "abcdefgh", "vocab_file": "word_lists/three_letter_abcdefgh.txt", "hidden_words_file": "word_lists/three_letter_abcdefgh.txt"}, "episodes": [{"info": {"step": 63, "total_reward": 10.1937, "correct_guess": true, "invalid_word": false, "incomplete_word": false, "invalid_words_entered": 16, "incomplete_words_entered": 0, "hidden_word": "cab"}, "actions": [1, 0, 1, 4, 5, 0, 1, 0, 1, 7, 4, 7, 7, 6, 0, 2, 3, 2, 0, 1, 2, 0, 7, 0, 0, 7, 1, 0, 6, 0, 0, 6, 1, 0, 0, 0, 0, 1, 0, 3, 5, 6, 0, 2, 4, 0, 2, 0, 0, 3, 7, 4, 0, 3, 4, 3, 0, 5, 0, 1, 2, 0, 1], "rewards": [-0.0001, -0.0001, -0.0001, -0.0001, -0.0001, -0.0001, -0.0001, -0.0001, -0.0001, -0.0001, -0.0001, -0.0001, -0.0001, -0.0001, -0.0001, -0.0001, -0.0001, -0.0001, -0.0001, -0.0001, -0.0001, -0.0001, -0.0001, -0.0001, -0.0001, -0.0001, -0.0001, -0.0001, -0.0001, -0.0001, -0.0001, -0.0001, -0.0001, -0.0001, -0.0001, -0.0001, -0.0001, -0.0001, -0.0001, -0.0001, -0.0001, -0.0001, -0.0001, -0.0001, -0.0001, -0.0001, -0.0001, -0.0001, -0.0001, -0.0001, -0.0001, -0.0001, -0.0001, -0.0001, -0.0001, -0.0001, -0.0001, -0.0001, -0.0001, -0.0001, -0.0001, -0.0001, 10.1999], "total_reward": 10.1937}, {"info": {"step": 9, "total_reward": 10.5991, "correct_guess": true, "invalid_word": false, "incomplete_word": false, "invalid_words_entered": 0, "incomplete_words_entered": 0, "hidden_word": "bad"}, "actions": [2, 0, 1, 3, 0, 1, 1, 0, 3], "rewards": [-0.0001, -0.0001, -0.0001, -0.0001, -0.0001, -0.0001, -0.0001, -0.0001, 10.5999], "total_reward": 10.5991}, {"info": {"step": 9, "total_reward": 10.799100000000001, "correct_guess": true, "invalid_word": false, "incomplete_word": false, "invalid_words_entered": 1, "incomplete_words_entered": 0, "hidden_word": "bad"}, "actions": [0, 1, 2, 2, 0, 3, 1, 0, 3], "rewards": [-0.0001, -0.0001, -0.0001, -0.0001, -0.0001, -0.0001, -0.0001, -0.0001, 10.799900000000001], "total_reward": 10.799100000000001}, {"info": {"step": 42, "total_reward": 0.14580000000000004, "correct_guess": false, "invalid_word": false, "incomplete_word": false, "invalid_words_entered": 8, "incomplete_words_entered": 0, "hidden_word": "gee"}, "actions": [3, 0, 1, 1, 0, 3, 2, 0, 1, 5, 0, 1, 3, 4, 3, 1, 4, 3, 6, 4, 7, 7, 4, 6, 4, 4, 4, 4, 0, 3, 3, 0, 4, 7, 4, 0, 0, 1, 2, 1, 4, 6], "rewards": [-0.0001, -0.0001, -0.0001, -0.0001, -0.0001, -0.0001, -0.0001, -0.0001, -0.0001, -0.0001, -0.0001, -0.0001, -0.0001, -0.0001, -0.0001, -0.0001, -0.0001, -0.0001, -0.0001, -0.0001, -0.0001, -0.0001, -0.0001, -0.0001, -0.0001, -0.0001, -0.0001, -0.0001, -0.0001, -0.0001, -0.0001, -0.0001, -0.0001, -0.0001, -0.0001, -0.0001, -0.0001, -0.0001, -0.0001, -0.0001, -0.0001, 0.14990000000000003], "total_reward": 0.14580000000000004}, {"info": {"step": 15, "total_reward": 10.1985, "correct_guess": true, "invalid_word": false, "incomplete_word": false, "invalid_words_entered": 0, "incomplete_words_entered": 0, "hidden_word": "ace"}, "actions": [1, 0, 6, 0, 6, 4, 5, 4, 3, 2, 0, 1, 0, 2, 4], "rewards": [-0.0001, -0.0001, -0.0001, -0.0001, -0.0001, -0.0001, -0.0001, -0.0001, -0.0001, -0.0001, -0.0001, -0.0001, -0.0001, -0.0001, 10.1999], "total_reward": 10.1985}, {"info": {"step": 18, "total_reward": 0.14820000000000003, "correct_guess": false, "invalid_word": false, "incomplete_word": false, "invalid_words_entered": 0, "incomplete_words_entered": 0, "hidden_word": "aah"}, "actions": [0, 2, 4, 1, 4, 3, 1, 0, 6, 3, 0, 3, 0, 6, 4, 7, 0, 3], "rewards": [-0.0001, -0.0001, -0.0001, -0.0001, -0.0001, -0.0001, -0.0001, -0.0001, -0.0001, -0.0001, -0.0001, -0.0001, -0.0001, -0.0001, -0.0001, -0.0001, -0.0001, 0.14990000000000003], "total_reward": 0.14820000000000003}, {"info": {"step": 9, "total_reward": 10.5991, "correct_guess": true, "invalid_word": false, "incomplete_word": false, "invalid_words_entered": 0, "incomplete_words_entered": 0, "hidden_word": "cad"}, "actions": [7, 0, 3, 2, 0, 1, 2, 0, 3], "rewards": [-0.0001, -0.0001, -0.0001, -0.0001, -0.0001, -0.0001, -0.0001, -0.0001, 10.5999], "total_reward": 10.5991}, {"info": {"step": 12, "total_reward": 10.398800000000001, "correct_guess": true, "invalid_word": false, "incomplete_word": false, "invalid_words_entered": 0, "incomplete_words_entered": 0, "hidden_word": "bed"}, "actions": [2, 0, 3, 3, 0, 3, 0, 2, 4, 1, 4, 3], "rewards": [-0.0001, -0.0001, -0.0001, -0.0001, -0.0001, -0.0001, -0.0001, -0.0001, -0.0001, -0.0001, -0.0001, 10.3999], "total_reward": 10.398800000000001}, {"info": {"step": 18, "total_reward": 0.0982, "correct_guess": false, "invalid_word": false, "incomplete_word": false, "invalid_words_entered": 0, "incomplete_words_entered": 0, "hidden_word": "aah"}, "actions": [1, 4, 3, 3, 0, 3, 1, 0, 3, 5, 4, 3, 2, 0, 1, 0, 6, 4], "rewards": [-0.0001, -0.0001, -0.0001, -0.0001, -0.0001, -0.0001, -0.0001, -0.0001, -0.0001, -0.0001, -0.0001, -0.0001, -0.0001, -0.0001, -0.0001, -0.0001, -0.0001, 0.0999], "total_reward": 0.0982}, {"info": {"step": 12, "total_reward": 10.5988, "correct_guess": true, "invalid_word": false, "incomplete_word": false, "invalid_words_entered": 1, "incomplete_words_entered": 0, "hidden_word": "gee"}, "actions": [0, 6, 4, 0, 2, 4, 6, 0, 4, 6, 4, 4], "rewards": [-0.0001, -0.0001, -0.0001, -0.0001, -0.0001, -0.0001, -0.0001, -0.0001, -0.0001, -0.0001, -0.0001, 10.5999], "total_reward": 10.5988}, {"info": {"step": 21, "total_reward": 10.197899999999999, "correct_guess": true, "invalid_word": false, "incomplete_word": false, "invalid_words_entered": 2, "incomplete_words_entered": 0, "hidden_word": "gah"}, "actions": [0, 6, 4, 1, 0, 6, 6, 0, 4, 6, 4, 4, 6, 0, 1, 6, 0, 3, 6, 0, 7], "rewards": [-0.0001, -0.0001, -0.0001, -0.0001, -0.0001, -0.0001, -0.0001, -0.0001, -0.0001, -0.0001, -0.0001, -0.0001, -0.0001, -0.0001, -0.0001, -0.0001, -0.0001, -0.0001, -0.0001, -0.0001, 10.1999], "total_reward": 10.197899999999999}, {"info": {"step": 6, "total_reward": 10.7994, "correct_guess": true, "invalid_word": false, "incomplete_word": false, "invalid_words_entered": 0, "incomplete_words_entered": 0, "hidden_word": "fed"}, "actions": [1, 4, 3, 5, 4, 3], "rewards": [-0.0001, -0.0001, -0.0001, -0.0001, -0.0001, 10.799900000000001], "total_reward": 10.7994}, {"info": {"step": 12, "total_reward": 10.398800000000001, "correct_guess": true, "invalid_word": false, "incomplete_word": false, "invalid_words_entered": 0, "incomplete_words_entered": 0, "hidden_word": "had"}, "actions": [1, 4, 3, 3, 0, 3, 1, 0, 3, 7, 0, 3], "rewards": [-0.0001, -0.0001, -0.0001, -0.0001, -0.0001, -0.0001, -0.0001, -0.0001, -0.0001, -0.0001, -0.0001, 10.3999], "total_reward": 10.398800000000001}, {"info": {"step": 24, "total_reward": 0.19760000000000003, "correct_guess": false, "invalid_word": false, "incomplete_word": false, "invalid_words_entered": 2, "incomplete_words_entered": 0, "hidden_word": "ahh"}, "actions": [3, 0, 3, 1, 4, 3, 0, 2, 4, 0, 6, 4, 0, 4, 3, 0, 3, 3, 0, 1, 4, 0, 7, 0], "rewards": [-0.0001, -0.0001, -0.0001, -0.0001, -0.0001, -0.0001, -0.0001, -0.0001, -0.0001, -0.0001, -0.0001, -0.0001, -0.0001, -0.0001, -0.0001, -0.0001, -0.0001, -0.0001, -0.0001, -0.0001, -0.0001, -0.0001, -0.0001, 0.19990000000000002], "total_reward": 0.19760000000000003}, {"info": {"step": 30, "total_reward": 9.997, "correct_guess": true, "invalid_word": false, "incomplete_word": false, "invalid_words_entered": 4, "incomplete_words_entered": 0, "hidden_word": "aah"}, "actions": [3, 0, 3, 1, 0, 3, 6, 0, 1, 7, 0, 3, 1, 0, 7, 2, 0, 7, 4, 0, 7, 5, 0, 7, 7, 0, 7, 0, 0, 7], "rewards": [-0.0001, -0.0001, -0.0001, -0.0001, -0.0001, -0.0001, -0.0001, -0.0001, -0.0001, -0.0001, -0.0001, -0.0001, -0.0001, -0.0001, -0.0001, -0.0001, -0.0001, -0.0001, -0.0001, -0.0001, -0.0001, -0.0001, -0.0001, -0.0001, -0.0001, -0.0001, -0.0001, -0.0001, -0.0001, 9.9999],